,Film & Animation,Entertainment,Comedy,Music,People & Blogs,Travel & Events,Science & Technology,Education,Howto & Style,Shows,Sports,Autos & Vehicles
0,|,|,|,|,|,|,-,|,|,Episode,2018,|
1,-,-,-,-,-,Rana,Unboxing,2018,||,Priyamanaval,-,First
2,Trailer,2018,Episode,Song,2018,hungama,|,-,HACKS,Deivamagal,vs,/
3,Official,Episode,||,2018,||,at,Tech,Current,рдХреА,|,|,Autocar
4,2018,||,The,Songs,Telugu,#ChaySam,&,Hindu,р░И,-,Kabaddi,India
5,Movie,Movie,Comedy,Punjabi,Jabardasth,Wedding,and,The,/,2017,&,5
6,Full,The,2018,Video,ETV,Reception,Redmi,News,ред,Tamil,Highlights,TVS
7,Hindi,Telugu,Plus,Latest,Performance,||,Talks,Editorial,рдХрд╛,"November,",HD,Apache
8,Dubbed,Full,:,(Full,Nandini,TV9,5,Paper,рдХреЗ,Naayagi,Real,RR
9,2,2017,ETV,||,5,Food,First,affairs,Recipe,Azhagu,All,310
10,Teaser,Preview,Full,New,2017,in,Look,[UPSC/SSC/IBPS],р░ор▒А,Serial,Goals,:
11,New,TV,Funny,Official,Extra,рооро╛ро▓рпИ,OnePlus,SBI,To,роЕро┤роХрпБ,Madrid,Ride
12,(2018),May,Of,Full,SunTV,роиро┐ро▓ро╡ро░роорпН,The,CURRENT,-,Sun,Barcelona,2018
13,Released,Promo,&,Video),рдореЗрдВ,роТроХрпНроХро┐,Note,AFFAIRS,рдореЗрдВ,TV,ЁЯФ┤,Review
14,Review,&,FilterCopy,:,рдХреА,70,ЁЯФеЁЯФеЁЯФе,Analysis-,LIFE,Serials,[Live],Tik
15,HD,Serial,A,Song),рдХреЗ,роХро┐рооро┐,My,Affairs,DIY,2018,Cup,I
16,Film,to,India,Music,News,ро╡рпЗроХродрпНродро┐ро▓рпН,Xiaomi,2017,рдЗрддрдирд╛,Revathy,India,The
17,Movies,Trailer,Ft.,Movie,рд╕реЗ,роХройрпНройро┐ропро╛роХрпБрооро░ро┐,Samsung,THE,20,Vision,Resumen,рдХреЛ
18,2017,Tamil,Series,Teaser,рдХрд╛,kanyakumari,Overview,HINDU,Weird,Time,2017,рд╕реЗ
19,Vijay,Official,BYN,2017,рдХреЛ,ockhi,Smartphone,рдЕрдлреЗрдпрд░реНрд╕,to,CID,de,Drive
20,рдХреА,2,and,Singh,to,Top,Galaxy,Vivek,AND,рд╕реА,рд╕реЗ,р░╢р▒Нр░░р▒Ар░жр▒Зр░╡р░┐
21,The,Latest,THE,Records,May,6,Pro,Bindra,In,рдЖ,La,-
22,Fully,on,Web,Trailer,of,Cheapest,6,Live,FOR,рдбреА,Tournament,Village
23,Lafzon,April,1,&,р░И,Outlets,in,in,рдмрд┐рдирд╛,Raja,рдиреЗ,food
24,Mein,Best,Videos,I,Sudheer,Chennai,5T,May,School,Rani,Extended,factory
